Dataset,Samples,AUC,EER,Accuracy
FaceForensics++,1808,0.966248260766281,0.08878151830861639,0.8866150442477876
Celeb-DF,393,0.9620171673819743,0.12473175965665237,0.8702290076335878
